1698	/u1/khabashy/LoRA-MDM/diffusion/gaussian_diffusion.py
1089	/u1/khabashy/LoRA-MDM/data_loaders/humanml/networks/trainers.py
791	/u1/khabashy/LoRA-MDM/data_loaders/humanml/data/dataset.py
590	/u1/khabashy/LoRA-MDM/data_loaders/humanml/scripts/motion_process.py
552	/u1/khabashy/LoRA-MDM/utils/rotation_conversions.py
550	/u1/khabashy/LoRA-MDM/train/training_loop.py
495	/u1/khabashy/LoRA-MDM/diffusion/logger.py
462	/u1/khabashy/LoRA-MDM/lora_pytorch/lora.py
438	/u1/khabashy/LoRA-MDM/data_loaders/humanml/networks/modules.py
423	/u1/khabashy/LoRA-MDM/data_loaders/humanml/common/quaternion.py
418	/u1/khabashy/LoRA-MDM/eval/tm2t.py
416	/u1/khabashy/LoRA-MDM/model/mdm.py
372	/u1/khabashy/LoRA-MDM/eval/style_classifier.py
324	/u1/khabashy/LoRA-MDM/data_loaders/humanml/utils/plot_script.py
321	/u1/khabashy/LoRA-MDM/sample/generate.py
313	/u1/khabashy/LoRA-MDM/utils/parser_util.py
279	/u1/khabashy/LoRA-MDM/visualize/joints2smpl/src/smplify.py
266	/u1/khabashy/LoRA-MDM/data_loaders/humanml/motion_loaders/comp_v6_model_dataset.py
255	/u1/khabashy/LoRA-MDM/data_loaders/a2m/dataset.py
236	/u1/khabashy/LoRA-MDM/diffusion/fp16_util.py
232	/u1/khabashy/LoRA-MDM/eval/eval_lora_mdm.py
230	/u1/khabashy/LoRA-MDM/visualize/joints2smpl/src/prior.py
228	/u1/khabashy/LoRA-MDM/data_loaders/style/dataset.py
227	/u1/khabashy/LoRA-MDM/lora_pytorch/modules/conv.py
226	/u1/khabashy/LoRA-MDM/data_loaders/a2m/uestc.py
222	/u1/khabashy/LoRA-MDM/visualize/joints2smpl/src/customloss.py
212	/u1/khabashy/LoRA-MDM/sample/ddim_invert.py
202	/u1/khabashy/LoRA-MDM/sample/edit.py
199	/u1/khabashy/LoRA-MDM/data_loaders/humanml/common/skeleton.py
198	/u1/khabashy/LoRA-MDM/data_loaders/humanml/networks/evaluator_wrapper.py
197	/u1/khabashy/LoRA-MDM/diffusion/nn.py
184	/u1/khabashy/LoRA-MDM/utils/model_util.py
168	/u1/khabashy/LoRA-MDM/data_loaders/humanml/utils/utils.py
167	/u1/khabashy/LoRA-MDM/sample/predict.py
154	/u1/khabashy/LoRA-MDM/diffusion/resample.py
146	/u1/khabashy/LoRA-MDM/data_loaders/humanml/utils/metrics.py
139	/u1/khabashy/LoRA-MDM/lora_pytorch/modules/attention.py
132	/u1/khabashy/LoRA-MDM/visualize/joints2smpl/fit_seq.py
131	/u1/khabashy/LoRA-MDM/visualize/simplify_loc2rot.py
129	/u1/khabashy/LoRA-MDM/diffusion/respace.py
120	/u1/khabashy/LoRA-MDM/data_loaders/humanml_utils.py
103	/u1/khabashy/LoRA-MDM/visualize/motions2hik.py
101	/u1/khabashy/LoRA-MDM/data_loaders/get_data.py
97	/u1/khabashy/LoRA-MDM/model/smpl.py
94	/u1/khabashy/LoRA-MDM/data_loaders/tensors.py
92	/u1/khabashy/LoRA-MDM/model/rotation2xyz.py
91	/u1/khabashy/LoRA-MDM/data_loaders/humanml/motion_loaders/model_motion_loaders.py
85	/u1/khabashy/LoRA-MDM/train/train_platforms.py
82	/u1/khabashy/LoRA-MDM/lora_pytorch/modules/linear.py
81	/u1/khabashy/LoRA-MDM/data_loaders/humanml/utils/get_opt.py
80	/u1/khabashy/LoRA-MDM/data_loaders/humanml/utils/word_vectorizer.py
79	/u1/khabashy/LoRA-MDM/train/train_mdm.py
77	/u1/khabashy/LoRA-MDM/diffusion/losses.py
77	/u1/khabashy/LoRA-MDM/lora_pytorch/modules/embedding.py
77	/u1/khabashy/LoRA-MDM/utils/dist_util.py
66	/u1/khabashy/LoRA-MDM/visualize/vis_utils.py
63	/u1/khabashy/LoRA-MDM/data_loaders/humanml/utils/paramUtil.py
61	/u1/khabashy/LoRA-MDM/diffusion/inpainting_gaussian_diffusion.py
59	/u1/khabashy/LoRA-MDM/utils/misc.py
57	/u1/khabashy/LoRA-MDM/data_loaders/a2m/humanact12poses.py
40	/u1/khabashy/LoRA-MDM/visualize/joints2smpl/src/config.py
33	/u1/khabashy/LoRA-MDM/visualize/render_mesh.py
30	/u1/khabashy/LoRA-MDM/model/cfg_sampler.py
27	/u1/khabashy/LoRA-MDM/data_loaders/humanml/motion_loaders/dataset_motion_loader.py
18	/u1/khabashy/LoRA-MDM/lora_pytorch/modules/base.py
18	/u1/khabashy/LoRA-MDM/utils/fixseed.py
17	/u1/khabashy/LoRA-MDM/utils/config.py
1	/u1/khabashy/LoRA-MDM/lora_pytorch/__init__.py
0	/u1/khabashy/LoRA-MDM/data_loaders/humanml/data/__init__.py
0	/u1/khabashy/LoRA-MDM/data_loaders/humanml/motion_loaders/__init__.py
0	/u1/khabashy/LoRA-MDM/data_loaders/humanml/networks/__init__.py
0	/u1/khabashy/LoRA-MDM/lora_pytorch/modules/__init__.py
