SUBJ84,SUBJ84_4
SUBJ84,SUBJ84_2
SUBJ84,SUBJ84_3
SUBJ84,SUBJ84_0
SUBJ84,SUBJ84_1
SUBJ17,SUBJ17_3
SUBJ17,SUBJ17_2
SUBJ17,SUBJ17_1
SUBJ17,SUBJ17_0
SUBJ60,SUBJ60_3
SUBJ60,SUBJ60_4
SUBJ60,SUBJ60_2
SUBJ60,SUBJ60_1
SUBJ60,SUBJ60_0
SUBJ101,SUBJ101_2
SUBJ101,SUBJ101
SUBJ101,SUBJ101_3
SUBJ101,SUBJ101_0
SUBJ101,SUBJ101_1
SUBJ58,SUBJ58_0
SUBJ58,SUBJ58_1
SUBJ58,SUBJ58_2
SUBJ58,SUBJ58_3
SUBJ52,SUBJ52_0
SUBJ52,SUBJ52_1
SUBJ52,SUBJ52_2
SUBJ52,SUBJ52_3
SUBJ25,SUBJ25_0
SUBJ25,SUBJ25_1
SUBJ25,SUBJ25_2
SUBJ25,SUBJ25_3
SUBJ02,SUBJ2 (0)
SUBJ02,SUBJ2 (1)
SUBJ02,SUBJ2 (3)
SUBJ02,SUBJ2 (2)
SUBJ01,SUBJ1 (0)
SUBJ01,SUBJ1 (1)
SUBJ01,SUBJ1 (3)
SUBJ01,SUBJ1 (2)
SUBJ03,SUBJ3 (1)
SUBJ03,SUBJ3 (0)
SUBJ03,SUBJ3 (2)
SUBJ03,SUBJ3 (3)
SUBJ133,SUBJ133_1
SUBJ133,SUBJ133_0
SUBJ133,SUBJ133_3
SUBJ133,SUBJ133_4
SUBJ133,SUBJ133_2
SUBJ04,SUBJ4_1
SUBJ04,SUBJ4_0
SUBJ04,SUBJ4_3
SUBJ04,SUBJ4_2
SUBJ73,SUBJ73_1
SUBJ73,SUBJ73_0
SUBJ73,SUBJ73_3
SUBJ73,SUBJ73_2
SUBJ97,SUBJ97_1
SUBJ97,SUBJ97_0
SUBJ97,SUBJ97_3
SUBJ97,SUBJ97_2
SUBJ79,SUBJ79_3
SUBJ79,SUBJ79_2
SUBJ79,SUBJ79_1
SUBJ79,SUBJ79_0
SUBJ118,SUBJ118_3
SUBJ118,SUBJ118_2
SUBJ118,SUBJ118_1
SUBJ118,SUBJ118_0
SUBJ112,SUBJ112_1
SUBJ112,SUBJ112_0
SUBJ112,SUBJ112_3
SUBJ112,SUBJ112_2
SUBJ41,SUBJ41_2
SUBJ41,SUBJ41_3
SUBJ41,SUBJ41_0
SUBJ41,SUBJ41_1
SUBJ36,SUBJ36_2
SUBJ36,SUBJ36_3
SUBJ36,SUBJ36_0
SUBJ36,SUBJ36_1
SUBJ120,SUBJ120_3
SUBJ120,SUBJ120_2
SUBJ120,SUBJ120_1
SUBJ120,SUBJ120_0
SUBJ127,SUBJ127_0
SUBJ127,SUBJ127_1
SUBJ127,SUBJ127_4
SUBJ127,SUBJ127_2
SUBJ127,SUBJ127_3
SUBJ31,SUBJ31_0
SUBJ31,SUBJ31_1
SUBJ31,SUBJ31_2
SUBJ31,SUBJ31_3
SUBJ46,SUBJ46_0
SUBJ46,SUBJ46_1
SUBJ46,SUBJ46_2
SUBJ46,SUBJ46_3
SUBJ115,SUBJ115_3
SUBJ115,SUBJ115_2
SUBJ115,SUBJ115_1
SUBJ115,SUBJ115_0
SUBJ74,SUBJ74_1
SUBJ74,SUBJ74_0
SUBJ74,SUBJ74_3
SUBJ74,SUBJ74_4
SUBJ74,SUBJ74_2
SUBJ03,SUBJ3_0
SUBJ03,SUBJ3_1
SUBJ03,SUBJ3_2
SUBJ03,SUBJ3_3
SUBJ09,SUBJ9_3
SUBJ09,SUBJ9_2
SUBJ09,SUBJ9_1
SUBJ09,SUBJ9_0
SUBJ90,SUBJ90_1
SUBJ90,SUBJ90_0
SUBJ90,SUBJ90_5
SUBJ90,SUBJ90_3
SUBJ90,SUBJ90_4
SUBJ90,SUBJ90_2
SUBJ134,SUBJ134_3
SUBJ134,SUBJ134_2
SUBJ134,SUBJ134_4
SUBJ134,SUBJ134_1
SUBJ134,SUBJ134_0
SUBJ28,SUBJ28_0
SUBJ28,SUBJ28_1
SUBJ28,SUBJ28_2
SUBJ28,SUBJ28_3
SUBJ22,SUBJ22_2
SUBJ22,SUBJ22_3
SUBJ22,SUBJ22_0
SUBJ22,SUBJ22_1
SUBJ55,SUBJ55_0
SUBJ55,SUBJ55_1
SUBJ55,SUBJ55_2
SUBJ55,SUBJ55_3
SUBJ106,SUBJ106_1
SUBJ106,SUBJ106_0
SUBJ106,SUBJ106_3
SUBJ106,SUBJ106_2
SUBJ83,SUBJ83_1
SUBJ83,SUBJ83_0
SUBJ83,SUBJ83_3
SUBJ83,SUBJ83_2
SUBJ89,SUBJ89_0
SUBJ89,SUBJ89_1
SUBJ89,SUBJ89_2
SUBJ89,SUBJ89_3
SUBJ67,SUBJ67_3
SUBJ67,SUBJ67_2
SUBJ67,SUBJ67_1
SUBJ67,SUBJ67_0
SUBJ10,SUBJ10_0
SUBJ10,SUBJ10_1
SUBJ10,SUBJ10_2
SUBJ10,SUBJ10_3
SUBJ108,SUBJ108_3
SUBJ108,SUBJ108_2
SUBJ108,SUBJ108_1
SUBJ108,SUBJ108_0
SUBJ102,SUBJ102_0
SUBJ102,SUBJ102_1
SUBJ102,SUBJ102_2
SUBJ102,SUBJ102_3
SUBJ63,SUBJ63_0
SUBJ63,SUBJ63_1
SUBJ63,SUBJ63_2
SUBJ63,SUBJ63_3
SUBJ14,SUBJ14_3
SUBJ14,SUBJ14_2
SUBJ14,SUBJ14_1
SUBJ14,SUBJ14_0
SUBJ69,SUBJ69_2
SUBJ69,SUBJ69_3
SUBJ69,SUBJ69_0
SUBJ69,SUBJ69_1
SUBJ87,SUBJ87_1
SUBJ87,SUBJ87_0
SUBJ87,SUBJ87_3
SUBJ87,SUBJ87_4
SUBJ87,SUBJ87_2
SUBJ130,SUBJ130_5
SUBJ130,SUBJ130_3
SUBJ130,SUBJ130_4
SUBJ130,SUBJ130_2
SUBJ130,SUBJ130_1
SUBJ130,SUBJ130_0
SUBJ130,SUBJ130_6
SUBJ26,SUBJ26_3
SUBJ26,SUBJ26_2
SUBJ26,SUBJ26_1
SUBJ26,SUBJ26_0
SUBJ51,SUBJ51_1
SUBJ51,SUBJ51_0
SUBJ51,SUBJ51_3
SUBJ51,SUBJ51_2
SUBJ111,SUBJ111_1
SUBJ111,SUBJ111_0
SUBJ111,SUBJ111_3
SUBJ111,SUBJ111_2
SUBJ94,SUBJ94_4
SUBJ94,SUBJ94_3
SUBJ94,SUBJ94_0
SUBJ94,SUBJ94_1
SUBJ70,SUBJ70_3
SUBJ70,SUBJ70_2
SUBJ70,SUBJ70_1
SUBJ70,SUBJ70_0
SUBJ07,SUBJ7_2
SUBJ07,SUBJ7_3
SUBJ07,SUBJ7_0
SUBJ07,SUBJ7_1
SUBJ123,SUBJ123_0
SUBJ123,SUBJ123_1
SUBJ123,SUBJ123_2
SUBJ123,SUBJ123_3
SUBJ129,SUBJ129_3
SUBJ129,SUBJ129_4
SUBJ129,SUBJ129_2
SUBJ129,SUBJ129_1
SUBJ129,SUBJ129_0
SUBJ48,SUBJ48_3
SUBJ48,SUBJ48_2
SUBJ48,SUBJ48_1
SUBJ48,SUBJ48_0
SUBJ35,SUBJ35_0
SUBJ35,SUBJ35_1
SUBJ35,SUBJ35_4
SUBJ35,SUBJ35_3
SUBJ42,SUBJ42_1
SUBJ42,SUBJ42_0
SUBJ42,SUBJ42_3
SUBJ42,SUBJ42_2
SUBJ38,SUBJ38_3
SUBJ38,SUBJ38_2
SUBJ38,SUBJ38_1
SUBJ38,SUBJ38_0
SUBJ45,SUBJ45_3
SUBJ45,SUBJ45_2
SUBJ45,SUBJ45_1
SUBJ45,SUBJ45_0
SUBJ32,SUBJ32_3
SUBJ32,SUBJ32_4
SUBJ32,SUBJ32_2
SUBJ32,SUBJ32_1
SUBJ32,SUBJ32_0
SUBJ124,SUBJ124_2
SUBJ124,SUBJ124_4
SUBJ124,SUBJ124_3
SUBJ124,SUBJ124_5
SUBJ124,SUBJ124_0
SUBJ124,SUBJ124_1
SUBJ93,SUBJ93_0
SUBJ93,SUBJ93_1
SUBJ93,SUBJ93_2
SUBJ93,SUBJ93_3
SUBJ77,SUBJ77_1
SUBJ77,SUBJ77_0
SUBJ77,SUBJ77_3
SUBJ77,SUBJ77_2
SUBJ77,SUBJ77_4
SUBJ99,SUBJ99_3
SUBJ99,SUBJ99_2
SUBJ99,SUBJ99_1
SUBJ99,SUBJ99_0
SUBJ116,SUBJ116_0
SUBJ116,SUBJ116_1
SUBJ116,SUBJ116_2
SUBJ116,SUBJ116_3
SUBJ56,SUBJ56_4
SUBJ56,SUBJ56_2
SUBJ56,SUBJ56_3
SUBJ56,SUBJ56_0
SUBJ56,SUBJ56_1
SUBJ21,SUBJ21_2
SUBJ21,SUBJ21_4
SUBJ21,SUBJ21_1
SUBJ21,SUBJ21_0
SUBJ137,SUBJ137_4
SUBJ137,SUBJ137_3
SUBJ137,SUBJ137_5
SUBJ137,SUBJ137_0
SUBJ137,SUBJ137_1
SUBJ13,SUBJ13_1
SUBJ13,SUBJ13_0
SUBJ13,SUBJ13_3
SUBJ13,SUBJ13_2
SUBJ64,SUBJ64_3
SUBJ64,SUBJ64_2
SUBJ64,SUBJ64_1
SUBJ64,SUBJ64_0
SUBJ80,SUBJ80_3
SUBJ80,SUBJ80_2
SUBJ80,SUBJ80_1
SUBJ80,SUBJ80_0
SUBJ19,SUBJ19_1
SUBJ19,SUBJ19_0
SUBJ19,SUBJ19_3
SUBJ19,SUBJ19_2
SUBJ105,SUBJ105_2
SUBJ105,SUBJ105_3
SUBJ105,SUBJ105_0
SUBJ105,SUBJ105_1
SUBJ135,SUBJ135_3
SUBJ135,SUBJ135_5
SUBJ135,SUBJ135_4
SUBJ135,SUBJ135_7
SUBJ135,SUBJ135_1
SUBJ135,SUBJ135_6
SUBJ135,SUBJ135_0
SUBJ54,SUBJ54_3
SUBJ54,SUBJ54_2
SUBJ54,SUBJ54_1
SUBJ54,SUBJ54_0
SUBJ23,SUBJ23_2
SUBJ23,SUBJ23_3
SUBJ23,SUBJ23_0
SUBJ23,SUBJ23_1
SUBJ29,SUBJ29_2
SUBJ29,SUBJ29_3
SUBJ29,SUBJ29_0
SUBJ29,SUBJ29_1
SUBJ107,SUBJ107_3
SUBJ107,SUBJ107_2
SUBJ107,SUBJ107_4
SUBJ107,SUBJ107_1
SUBJ107,SUBJ107_0
SUBJ88,SUBJ88_2
SUBJ88,SUBJ88_3
SUBJ88,SUBJ88_0
SUBJ88,SUBJ88_1
SUBJ11,SUBJ11_2
SUBJ11,SUBJ11_3
SUBJ11,SUBJ11_0
SUBJ11,SUBJ11_1
SUBJ66,SUBJ66_3
SUBJ66,SUBJ66_4
SUBJ66,SUBJ66_2
SUBJ66,SUBJ66_1
SUBJ66,SUBJ66_0
SUBJ82,SUBJ82_1
SUBJ82,SUBJ82_0
SUBJ82,SUBJ82_3
SUBJ82,SUBJ82_4
SUBJ126,SUBJ126_2
SUBJ126,SUBJ126_4
SUBJ126,SUBJ126_3
SUBJ126,SUBJ126_0
SUBJ126,SUBJ126_1
SUBJ47,SUBJ47_2
SUBJ47,SUBJ47_3
SUBJ47,SUBJ47_0
SUBJ47,SUBJ47_1
SUBJ30,SUBJ30_1
SUBJ30,SUBJ30_0
SUBJ30,SUBJ30_3
SUBJ30,SUBJ30_2
SUBJ114,SUBJ114_3
SUBJ114,SUBJ114_2
SUBJ114,SUBJ114_1
SUBJ114,SUBJ114_0
SUBJ08,SUBJ8_2
SUBJ08,SUBJ8_3
SUBJ08,SUBJ8_0
SUBJ08,SUBJ8_1
SUBJ91,SUBJ91_3
SUBJ91,SUBJ91_2
SUBJ91,SUBJ91_1
SUBJ91,SUBJ91_0
SUBJ02,SUBJ2_0
SUBJ02,SUBJ2_1
SUBJ02,SUBJ2_2
SUBJ02,SUBJ2_3
SUBJ75,SUBJ75_2
SUBJ75,SUBJ75_3
SUBJ75,SUBJ75_0
SUBJ75,SUBJ75_1
SUBJ96,SUBJ96_1
SUBJ96,SUBJ96_0
SUBJ96,SUBJ96_3
SUBJ96,SUBJ96_2
SUBJ78,SUBJ78_1
SUBJ78,SUBJ78_0
SUBJ78,SUBJ78_3
SUBJ78,SUBJ78_2
SUBJ72,SUBJ72_3
SUBJ72,SUBJ72_2
SUBJ72,SUBJ72_1
SUBJ72,SUBJ72_0
SUBJ05,SUBJ5_0
SUBJ05,SUBJ5_1
SUBJ05,SUBJ5_2
SUBJ05,SUBJ5_3
SUBJ113,SUBJ113_2
SUBJ113,SUBJ113_3
SUBJ113,SUBJ113_0
SUBJ113,SUBJ113_1
SUBJ119,SUBJ119_1
SUBJ119,SUBJ119_0
SUBJ119,SUBJ119_3
SUBJ119,SUBJ119_2
SUBJ37,SUBJ37_2
SUBJ37,SUBJ37_3
SUBJ37,SUBJ37_0
SUBJ37,SUBJ37_1
SUBJ40,SUBJ40_4
SUBJ40,SUBJ40_2
SUBJ40,SUBJ40_3
SUBJ40,SUBJ40_0
SUBJ40,SUBJ40_1
SUBJ121,SUBJ121_0
SUBJ121,SUBJ121_1
SUBJ121,SUBJ121_2
SUBJ121,SUBJ121_4
SUBJ121,SUBJ121_3
SUBJ61,SUBJ61_0
SUBJ61,SUBJ61_1
SUBJ61,SUBJ61_2
SUBJ61,SUBJ61_3
SUBJ16,SUBJ16_0
SUBJ16,SUBJ16_3
SUBJ16,SUBJ16_2
SUBJ16,SUBJ16_4
SUBJ85,SUBJ85_4
SUBJ85,SUBJ85_2
SUBJ85,SUBJ85_3
SUBJ85,SUBJ85_0
SUBJ85,SUBJ85_1
SUBJ100,SUBJ100_4
SUBJ100,SUBJ100_2
SUBJ100,SUBJ100_1
SUBJ100,SUBJ100_0
SUBJ24,SUBJ24_2
SUBJ24,SUBJ24_3
SUBJ24,SUBJ24_0
SUBJ24,SUBJ24_1
SUBJ53,SUBJ53_4
SUBJ53,SUBJ53_2
SUBJ53,SUBJ53_3
SUBJ53,SUBJ53_0
SUBJ53,SUBJ53_1
SUBJ59,SUBJ59_3
SUBJ59,SUBJ59_2
SUBJ59,SUBJ59_1
SUBJ59,SUBJ59_0
SUBJ138,SUBJ138_1
SUBJ138,SUBJ138_0
SUBJ138,SUBJ138_3
SUBJ138,SUBJ138_2
SUBJ132,SUBJ132_3
SUBJ132,SUBJ132_2
SUBJ132,SUBJ132_4
SUBJ132,SUBJ132_1
SUBJ132,SUBJ132_0
SUBJ20,SUBJ20_2
SUBJ20,SUBJ20_3
SUBJ20,SUBJ20_0
SUBJ20,SUBJ20_1
SUBJ57,SUBJ57_3
SUBJ57,SUBJ57_2
SUBJ57,SUBJ57_1
SUBJ57,SUBJ57_0
SUBJ136,SUBJ136_3
SUBJ136,SUBJ136_5
SUBJ136,SUBJ136_2
SUBJ136,SUBJ136_4
SUBJ136,SUBJ136_0
SUBJ81,SUBJ81_3
SUBJ81,SUBJ81_2
SUBJ81,SUBJ81_1
SUBJ81,SUBJ81_0
SUBJ18,SUBJ18_1
SUBJ18,SUBJ18_0
SUBJ18,SUBJ18_3
SUBJ18,SUBJ18_2
SUBJ65,SUBJ65_3
SUBJ65,SUBJ65_2
SUBJ65,SUBJ65_1
SUBJ65,SUBJ65_0
SUBJ12,SUBJ12_0
SUBJ12,SUBJ12_1
SUBJ12,SUBJ12_2
SUBJ12,SUBJ12_3
SUBJ104,SUBJ104_1
SUBJ104,SUBJ104_0
SUBJ104,SUBJ104_3
SUBJ104,SUBJ104_2
SUBJ33,SUBJ33_0
SUBJ33,SUBJ33_1
SUBJ33,SUBJ33_2
SUBJ33,SUBJ33_4
SUBJ33,SUBJ33_3
SUBJ44,SUBJ44_1
SUBJ44,SUBJ44_0
SUBJ44,SUBJ44_3
SUBJ44,SUBJ44_5
SUBJ44,SUBJ44_2
SUBJ44,SUBJ44_4
SUBJ39,SUBJ39_1
SUBJ39,SUBJ39_0
SUBJ39,SUBJ39_3
SUBJ39,SUBJ39_2
SUBJ125,SUBJ125_3
SUBJ125,SUBJ125_4
SUBJ125,SUBJ125_2
SUBJ125,SUBJ125_1
SUBJ125,SUBJ125_0
SUBJ76,SUBJ76_2
SUBJ76,SUBJ76_3
SUBJ76,SUBJ76_0
SUBJ76,SUBJ76_1
SUBJ01,SUBJ1_2
SUBJ01,SUBJ1_3
SUBJ01,SUBJ1_0
SUBJ01,SUBJ1_1
SUBJ98,SUBJ98_0
SUBJ98,SUBJ98_1
SUBJ98,SUBJ98_4
SUBJ98,SUBJ98_2
SUBJ98,SUBJ98_3
SUBJ92,SUBJ92_1
SUBJ92,SUBJ92_0
SUBJ92,SUBJ92_3
SUBJ92,SUBJ92_2
SUBJ117,SUBJ117_3
SUBJ117,SUBJ117_2
SUBJ117,SUBJ117_1
SUBJ117,SUBJ117_0
SUBJ110,SUBJ110_2
SUBJ110,SUBJ110_3
SUBJ110,SUBJ110_0
SUBJ110,SUBJ110_1
SUBJ06,SUBJ6_2
SUBJ06,SUBJ6_3
SUBJ06,SUBJ6_0
SUBJ06,SUBJ6_1
SUBJ71,SUBJ71_2
SUBJ71,SUBJ71_3
SUBJ71,SUBJ71_0
SUBJ71,SUBJ71_1
SUBJ95,SUBJ95_0
SUBJ95,SUBJ95_1
SUBJ95,SUBJ95_2
SUBJ95,SUBJ95_3
SUBJ128,SUBJ128_3
SUBJ128,SUBJ128_2
SUBJ128,SUBJ128_1
SUBJ128,SUBJ128_0
SUBJ122,SUBJ122_3
SUBJ122,SUBJ122_2
SUBJ122,SUBJ122_1
SUBJ122,SUBJ122_0
SUBJ43,SUBJ43_3
SUBJ43,SUBJ43_2
SUBJ43,SUBJ43_1
SUBJ43,SUBJ43_0
SUBJ34,SUBJ34_0
SUBJ34,SUBJ34_1
SUBJ34,SUBJ34_2
SUBJ34,SUBJ34_3
SUBJ49,SUBJ49_0
SUBJ49,SUBJ49_1
SUBJ49,SUBJ49_2
SUBJ49,SUBJ49_3
SUBJ103,SUBJ103_0
SUBJ103,SUBJ103_1
SUBJ103,SUBJ103_2
SUBJ103,SUBJ103_3
SUBJ109,SUBJ109_2
SUBJ109,SUBJ109_3
SUBJ109,SUBJ109_0
SUBJ109,SUBJ109_1
SUBJ68,SUBJ68_3
SUBJ68,SUBJ68_2
SUBJ68,SUBJ68_1
SUBJ68,SUBJ68_0
SUBJ86,SUBJ86_2
SUBJ86,SUBJ86_4
SUBJ86,SUBJ86_1
SUBJ86,SUBJ86_0
SUBJ15,SUBJ15_3
SUBJ15,SUBJ15_2
SUBJ15,SUBJ15_1
SUBJ15,SUBJ15_0
SUBJ62,SUBJ62_0
SUBJ62,SUBJ62_1
SUBJ62,SUBJ62_2
SUBJ62,SUBJ62_3
SUBJ131,SUBJ131_2
SUBJ131,SUBJ131_3
SUBJ131,SUBJ131_0
SUBJ131,SUBJ131_1
SUBJ50,SUBJ50_3
SUBJ50,SUBJ50_2
SUBJ50,SUBJ50_1
SUBJ50,SUBJ50_0
SUBJ27,SUBJ27_2
SUBJ27,SUBJ27_3
SUBJ27,SUBJ27_0
SUBJ27,SUBJ27_1
